{"cameraMode":{"drawMode":0,"name":"Shaded","section":"Shading Mode"},"sceneLighting":true,"audioPlay":false,"sceneViewState":{"m_AlwaysRefresh":false,"showFog":true,"showSkybox":true,"showFlares":true,"showImageEffects":true,"showParticleSystems":true,"showVisualEffectGraphs":true,"m_FxEnabled":true},"in2DMode":false,"pivot":{"x":29.168506622314454,"y":19.3922061920166,"z":7.278255462646484},"rotation":{"x":-0.14970941841602326,"y":0.021351877599954606,"z":-0.0032337994780391456,"w":-0.9884941577911377},"size":35.840362548828128,"orthographic":false}